<?xml version="1.0" encoding="utf-8" ?>
<dwsync>
<file name="bootstrap.min.css" server="C:/Program Files (x86)/EasyPHP-DevServer-14.1VC9/data/localweb/logreg/" local="132641752529842516" remote="132641752520000000" />
<file name="style.css" server="C:/Program Files (x86)/EasyPHP-DevServer-14.1VC9/data/localweb/logreg/" local="132641752530552557" remote="132641752530000000" />
<file name="menu.css" server="C:/Program Files (x86)/EasyPHP-DevServer-14.1VC9/data/localweb/logreg/" local="132641752531042585" remote="132641752530000000" />
<file name="vendors.css" server="C:/Program Files (x86)/EasyPHP-DevServer-14.1VC9/data/localweb/logreg/" local="132641752531382604" remote="132641752530000000" />
<file name="css" server="C:/Program Files (x86)/EasyPHP-DevServer-14.1VC9/data/localweb/logreg/" local="132641752531852631" remote="132641752530000000" />
<file name="all_icons_min.css" server="C:/Program Files (x86)/EasyPHP-DevServer-14.1VC9/data/localweb/logreg/" local="132641752532142648" remote="132641752530000000" />
<file name="custom.css" server="C:/Program Files (x86)/EasyPHP-DevServer-14.1VC9/data/localweb/logreg/" local="132641752532552671" remote="132641752530000000" />
<file name="liquid-icon.min.css" server="C:/Program Files (x86)/EasyPHP-DevServer-14.1VC9/data/localweb/logreg/" local="132641752534722795" remote="132641752530000000" />
<file name="font-awesome.min.css" server="C:/Program Files (x86)/EasyPHP-DevServer-14.1VC9/data/localweb/logreg/" local="132641752535342831" remote="132641752530000000" />
<file name="theme-vendors.min.css" server="C:/Program Files (x86)/EasyPHP-DevServer-14.1VC9/data/localweb/logreg/" local="132641752535832859" remote="132641752530000000" />
<file name="theme.min.css" server="C:/Program Files (x86)/EasyPHP-DevServer-14.1VC9/data/localweb/logreg/" local="132641752536452894" remote="132641752530000000" />
<file name="creative.css" server="C:/Program Files (x86)/EasyPHP-DevServer-14.1VC9/data/localweb/logreg/" local="132641752537152934" remote="132641752530000000" />
<file name="app2.min.css" server="C:/Program Files (x86)/EasyPHP-DevServer-14.1VC9/data/localweb/logreg/" local="132641752537592959" remote="132641752530000000" />
<file name="logo.png" server="C:/Program Files (x86)/EasyPHP-DevServer-14.1VC9/data/localweb/logreg/" local="132641759026724116" remote="132641759020000000" />
</dwsync>